{
	"name": "Falling Sand",
	"description": "You take damage when walking over blocks that aren't Sand\nSneaking prevents this damage",

		"type": "origins:action_over_time",
		"entity_action": {
			"type": "origins:damage",
			"amount": 2,
			"source": {
				"name": "hotFloor",
				"fire": false,
				"unblockable": true,
				"bypasses_armor": true
		}
	},
		"interval": 5,
		"condition": {
			"type": "origins:and",
			"conditions": [
				{
					"type": "origins:moving"
				},
				
				{
					"type": "origins:sneaking",
					"inverted":true
				},
				{
					"type": "origins:in_block_anywhere",
					"block_condition": {
						"type": "origins:or",
						"conditions": [
							{
								"type": "origins:block",
								"block": "minecraft:sand"
							},
							{
								"type": "origins:block",
								"block": "minecraft:red_sand"
							}
						],
					"inverted":true
					}
				},
				{      
					"type": "origins:on_block",
					"block_condition": {
						"type": "origins:or",
						"conditions": [
							{
								"type": "origins:block",
								"block": "minecraft:sand"
							},
							{
								"type": "origins:block",
								"block": "minecraft:red_sand"
							},
							{
								"type": "origins:block",
								"block": "minecraft:air"
							},
							{
								"type": "origins:block",
								"block": "minecraft:water"
							}
						],
					"inverted":true
				}
			}
			]
		}
	

}
