{
    "name": "Undead Presence",
    "description": "If you're not disguised, nearby mobs will notice that you're an undead",
    "hidden":false,

      "type": "origins:action_over_time",
      "interval":600,
      "entity_action": {

        "type": "origins:area_of_effect",
        "radius": 16,
        "bientity_action": {
          "type": "origins:damage",
          "amount": 0,
          "source": {
              "name": "cramming.player",
              "bypasses_armor": false,
              "out_of_world": true
          }
        },
        
        "bientity_condition": {
          "type": "origins:target_condition",
           "condition":{
              "type": "origins:in_tag",
              "tag": "eternal:aggro",
              "inverted": true
          }
        }
        },

        "condition":{
          "type": "origins:resource",
          "resource": "eternal:wearing_disguise",
          "comparison": "<=",
          "compare_to": 20
        }
      }
    
  




     
  




        
      
    
