{   
    "name": "Undead",
    "description":"You heal from poison, but regular healing damages you. Water acts like air to you. You can't swim or fly in it. Direct Sunlight burns you if you're not wearing anything on your head.",
    "type": "origins:multiple",

    "undeadgroup":{
        "type": "origins:entity_group",
        "group": "undead"
    },
    "disable_regen":{
        "type": "origins:disable_regen"
    },
    "ignore_water":{
        "type": "origins:ignore_water"
    }
}
