{
    "name":"Consume bones",
    "description": " ",
    "hidden": true,
    "type": "origins:active_self",
    "entity_action": {
        "type": "origins:and",
        "actions": [
            {
                "type": "origins:equipped_item_action",
                "equipment_slot": "mainhand",
                "action": {
                    "type": "origins:consume",
                    "amount": 1
                }
            },
            {
                "type": "origins:heal",
                "amount": 3
            }
        ]
    },
    "cooldown": 20,
    "hud_render": {
        "should_render": false
    },
    "key": {
        "key": "key.use",
        "continuous": true
    },
    "condition": {
        "type": "origins:and",
        "conditions": [
            {
        "type": "origins:equipped_item",
        "equipment_slot": "mainhand",
        "item_condition": {
            "type": "origins:ingredient",
            "ingredient": {
                "item": "minecraft:bone"
                        }
                        }
            },
            {
                "type": "origins:relative_health",
                "comparison": "<",
                "compare_to": 1
            }
        ]
}
}