{   
    "name": "Play Dead",
    "description":"Decades of practice has made you a master. You can fool people that you just died quite convincingly.",
        "type": "origins:active_self",
        "cooldown": 300,
        "hud_render": {
            "should_render": true
        },
        "key": "key.origins.primary_active",
        "entity_action": {
            "type": "origins:and",
            "actions": [
            {"type": "origins:apply_effect",
    "effects": [
    {
        "effect": "minecraft:invisibility",
        "duration": 200,
        "amplifier": 0
    },
    {
        "effect": "minecraft:slowness",
        "duration": 100,
        "amplifier": 30
    },
    {
        "effect": "minecraft:blindness",
        "duration": 100,
        "amplifier": 0
    }]},
    {
        "type": "origins:drop_inventory",
        "slots": [
            "weapon.offhand",
            "weapon.mainhand"
                 ]
    },
    {
    "type": "origins:damage",
    "amount": 2,
    "source": {
        "unblockable": true,
        "name": "fall",
        "bypasses_armor": true
    }},
    {
        "type": "origins:play_sound",
        "sound": "entity.wither_skeleton.death"
    },
    {
        "type": "origins:spawn_particles",
        "particle": {
            "type": "minecraft:dust",
            "params": "1 1 1 2"
        },
        "count": 16,
        "speed": 0.7,
        "force": true,
        "spread": {
            "x": 3.0,
            "y": 0.0,
            "z": 3.0
        }
    }
]
}


}