{
	"powers": [
		"eternal:play_dead",
		"eternal:no_escape",
		"eternal:eternal_undead",
		"eternal:eternal_charmed_mask",
		"eternal:aggro",
		"eternal:source_glow",
		"eternal:eternal_particles",
		"eternal:eternal_heartless",
		"eternal:eternal_broken_bones_debuff",
		"eternal:consume_bones",
		"eternal:consume_bonemeal",
		"eternal:wearing_disguise",
		"eternal:shipwreckd"
	],
	"icon": "minecraft:bone",
	"order": 10,
	"impact": 3,
	"name": "Eternal",
	"description": "Oh, don't stare. How would you look after aeons in some ghastly crypt? But your people are rather prone to death. Mine are not. And yet when I emerged from my completely unjustified imprisonment, I found them gone, our culture forgotten, any trace of the world I knew all but obliterated. I must even hide my true face beneath an ever-shifting mask for fear you savages will attack me! That is how I wander this strange world, trying to uncover the truth about a history you primitive people never even knew existed."
}
