{
	"name": "Breathe Sand",
	"description": "You can't breathe anything but sand! You have to bury yourself in sand to breathe!",
	"type":"origins:multiple",
	"hidden":false,

	"loseair":{
		"type": "origins:action_over_time",
		"entity_action": {
			"type": "origins:gain_air",
			"value": -30
		},
		"interval": 5,
		"condition":{
		"type": "origins:and",
		"conditions":[
		{
            "type": "apoli:submerged_in",
            "fluid": "minecraft:water"
        },
		{
			"type": "origins:in_block_anywhere",
			"block_condition": {
				"type": "origins:or",
				"conditions": [
					{
						"type": "origins:in_tag",
						"tag": "minecraft:sand"
					}
				]
		},
			"inverted":true
        }
	]
	}
},
	"noairdamage":{
	"type": "origins:action_over_time",
	"entity_action": {
		"type": "origins:damage",
		"amount": 2,
		"source": {
			"name": "dryout",
			"bypasses_armor": true,
			"unblockable": true
		}
	},
	"interval": 20,
	"condition":{
		"type": "origins:and",
		"conditions":[
			{
    	        "type": "apoli:submerged_in",
    	        "fluid": "minecraft:water"
    	    },
			{
				"type": "origins:air",
				"comparison": "<=",
				"compare_to": 0
			}	
		]
	}

},
	"gainair":{
		"type": "origins:action_over_time",
		"entity_action": {
			"type": "origins:gain_air",
			"value": 29
		},
		"interval": 5,
		"condition":{
			"type": "origins:or",
			"conditions":[
				{
						"type": "origins:and",
						"conditions":[
						{
							"type": "apoli:submerged_in",
							"fluid": "minecraft:water",
							"inverted":true
						},
						{
							"type": "origins:in_block_anywhere",
							"block_condition": {
							"type": "origins:or",
								"conditions": [
								{
									"type": "origins:in_tag",
									"tag": "minecraft:sand"
								}
								]
							}
						}
						]
				},
				{      
					"type": "origins:on_block",
					"block_condition": {
						"type": "origins:or",
						"conditions": [
							{
								"type": "origins:in_tag",
								"tag": "minecraft:sand"
							}
						]
				}
			}		
			]
		}
}

}
