{
"type": "origins:active_self",
"entity_action": {
	"type": "origins:and",
	"actions": [
		{
			"type": "origins:apply_effect",
			"effect": {
				"effect": "minecraft:darkness",
				"duration": 50,
				"amplifier": 0
			}
		},
		{
			"type": "origins:raycast",
			"distance": 64,
			"block": true,
			"entity": false,
			"shape_type": "visual",
			"fluid_handling":"none",
			"hit_action": {
					"type": "origins:spawn_particles",
					"particle": {
						"type": "minecraft:dust",
						"params": "1 0.93 0.65 2"
					},
					"count": 100,
					"speed": 5,
					"force": true,
					"spread": {
						"x": 3.0,
						"y": 2.0,
						"z": 3.0
					}
				},
			"command_at_hit": "tp @s ~ ~ ~"
		},
		{
			"type": "origins:play_sound",
			"sound": "minecraft:entity.allay.item_taken",
			"volume": 1,
			"pitch": 1
		}
	]
},
"cooldown": 60,
"hud_render": {
	"should_render": true
},
"key": {
	"key": "key.origins.primary_active",
	"continuous": false
},
"condition": {
	"type": "origins:and",
	"conditions": [
		{
	"type": "origins:on_block",
	"block_condition": {
		"type": "origins:or",
		"conditions": [
			{
				"type": "origins:in_tag",
				"tag": "minecraft:sand"
			}
		]
	}
},
{
		"type": "origins:raycast",
		"distance": 64,
		"block": true,
		"entity": false,
		"shape_type": "visual",
		"fluid_handling":"none",
		"block_condition": {
			"type": "origins:or",
			"conditions": [
				{
					"type": "origins:in_tag",
					"tag": "minecraft:sand"
				}
			]
		}

}
]
},
"name": "Are We One?",
"description": "While standing on sand, you can teleport to sand.\nCooldown: 3 second"
}