{
	"name": "Made of Sand",
	"description": "Your usual sandy qualities: Regen health in sand, sink in water, no shoes, no elytra, no diet, saturation from sand",
	
	"type": "origins:multiple",
	
	"breaksand":{
			"type": "origins:modify_break_speed",
			"block_condition": {
				"type": "origins:in_tag",
				"tag": "minecraft:sand"
			},
			"modifier": {
				"operation": "multiply_base",
				"value": 10
			}
		},

	"regenhealth":{
		"type": "origins:action_over_time",
		"entity_action": {
			"type": "origins:heal",
			"amount": 1
		},
		"interval": 10,
		"condition": {
				"type": "origins:in_block_anywhere",
				"block_condition": {
					"type": "origins:or",
					"conditions": [
						{
							"type": "origins:block",
							"block": "minecraft:sand"
						},
						{
							"type": "origins:block",
							"block": "minecraft:red_sand"
						}
					]
			},
				"comparison": ">=",
				"compare_to": 1
		}
	},

	"nodiet":{
			"type": "origins:prevent_item_use",
			"item_condition": {
				"type": "origins:food"
			}
	},

	"disableregen":{
		"type": "origins:disable_regen"
	},



	"exhaust":{
			"type": "origins:exhaust",
			"interval": 20,
			"exhaustion": 2.0,
			"condition": {
				"type": "origins:in_block_anywhere",
				"block_condition": {
					"type": "origins:or",
					"conditions": [
						{
							"type": "origins:block",
							"block": "minecraft:sand"
						},
						{
							"type": "origins:block",
							"block": "minecraft:red_sand"
						}
					]
			},
				"comparison": ">=",
				"compare_to": 1,
				"inverted":true
		}
	},

	"feed":{
		"type": "origins:action_over_time",
		"entity_action": {
			"type": "origins:feed",
			"food": 1,
			"saturation": 0.25
		},
		"interval": 20,
		"condition": {
			"type": "origins:in_block_anywhere",
			"block_condition": {
				"type": "origins:or",
				"conditions": [
					{
						"type": "origins:in_tag",
						"tag": "minecraft:sand"
					}
				]
		},
			"comparison": ">=",
			"compare_to": 1
	}
	},

	"ignorewater":{
		"type": "origins:ignore_water"
	},

	"preventelytra":{
			"type": "origins:prevent_elytra_flight"
	},

	"restrictarmor":{
			"type": "origins:restrict_armor",
			"chest": {
				"type": "origins:ingredient",
				"ingredient": {
					"item": "minecraft:elytra"
				}
			},
			"feet": {
				"type": "origins:armor_value",
				"comparison": "!=",
				"compare_to": 0
			}
	}

}