{
	"name": "Falling Sand",
	"description": "You take damage when walking over blocks that aren't Sand\nSneaking prevents this damage",

		"type": "origins:action_over_time",
		"entity_action": {
			"type": "origins:damage",
			"amount": 1,
			"source": {
				"name": "hotFloor",
				"fire": false,
				"unblockable": true,
				"bypasses_armor": true
		}
	},
		"interval": 5,
		"condition": {
			"type": "origins:and",
			"conditions": [
				{
					"type": "origins:moving"
				},
				
				{
					"type": "origins:sneaking",
					"inverted":true
				},
				{
					"type": "origins:in_block_anywhere",
					"block_condition": {
						"type": "origins:or",
						"conditions": [
							{
								"type": "origins:in_tag",
								"tag": "minecraft:sand"
							}
						]
					},
					"inverted":true,
					"comparison": ">=",
					"compare_to": 1
				},
				{      
					"type": "origins:on_block",
					"block_condition": {
						"type": "origins:or",
						"conditions": [
							{
								"type": "origins:in_tag",
								"tag": "minecraft:sand"
							},
							{
								"type": "origins:in_tag",
								"tag": "minecraft:wall_corals"
							},
							{
								"type": "origins:in_tag",
								"tag": "minecraft:replaceable_plants"
							},
							{
								"type": "origins:in_tag",
								"tag": "minecraft:saplings"
							},
							{
								"type": "origins:in_tag",
								"tag": "minecraft:rails"
							},
							{
								"type": "origins:in_tag",
								"tag": "minecraft:candles"
							},
							{
								"type": "origins:in_tag",
								"tag": "minecraft:climbable"
							},
							{
								"type": "origins:in_tag",
								"tag": "minecraft:corals"
							},
							{
								"type": "origins:in_tag",
								"tag": "minecraft:pressure_plates"
							},
							{
								"type": "origins:in_tag",
								"tag": "minecraft:buttons"
							},
							{
								"type": "origins:in_tag",
								"tag": "minecraft:beds"
							},
							{
								"type": "origins:in_tag",
								"tag": "minecraft:banners"
							},
							{
								"type": "origins:in_tag",
								"tag": "minecraft:anvil"
							},
							{
								"type": "origins:block",
								"block": "minecraft:air"
							},
							{
								"type": "origins:block",
								"block": "minecraft:water"
							},
							{
								"type": "origins:block",
								"block": "minecraft:sandstone"
							},
							{
								"type": "origins:block",
								"block": "minecraft:cut_sandstone"
							},
							{
								"type": "origins:block",
								"block": "minecraft:chiseled_sandstone"
							},
							{
								"type": "origins:block",
								"block": "minecraft:smooth_sandstone"
							},
							{
								"type": "origins:block",
								"block": "minecraft:red_sandstone"
							},
							{
								"type": "origins:block",
								"block": "minecraft:cut_red_sandstone"
							},
							{
								"type": "origins:block",
								"block": "minecraft:chiseled_red_sandstone"
							},
							{
								"type": "origins:block",
								"block": "minecraft:smooth_red_sandstone"
							},
							{
								"type": "origins:block",
								"block": "minecraft:sandstone_stairs"
							},
							{
								"type": "origins:block",
								"block": "minecraft:smooth_sandstone_stairs"
							},
							{
								"type": "origins:block",
								"block": "minecraft:red_sandstone_stairs"
							},
							{
								"type": "origins:block",
								"block": "minecraft:smooth_red_sandstone_stairs"
							},
							{
								"type": "origins:block",
								"block": "minecraft:sandstone_wall"
							},
							{
								"type": "origins:block",
								"block": "minecraft:red_sandstone_wall"
							},
							{
								"type": "origins:block",
								"block": "minecraft:sandstone_slab"
							},
							{
								"type": "origins:block",
								"block": "minecraft:cut_sandstone_slab"
							},
							{
								"type": "origins:block",
								"block": "minecraft:smooth_sandstone_slab"
							},
							{
								"type": "origins:block",
								"block": "minecraft:red_sandstone_slab"
							},
							{
								"type": "origins:block",
								"block": "minecraft:cut_red_sandstone_slab"
							},
							{
								"type": "origins:block",
								"block": "minecraft:smooth_red_sandstone_slab"
							},
							{
								"type": "origins:block",
								"block": "minecraft:cut_sandstone_slab"
							}
						],
					"inverted":true
				}
			}
			]
		}
	

}
