{
	"name": "Living Dunes",
	"description": "You can tunnel through soft materials.\nYou regen health and saturation slowly while inside Sand.\nThis is the only way that you can BREATHE.",
	
	"type": "origins:multiple",
	
	"toggle": {
		"type": "origins:toggle",
		"active_by_default": true,
		"key": {
			"key": "key.origins.secondary_active"
		}
    },
	
	"phasing": {
		"type": "origins:phasing",
		"blacklist": false,
	"render_type": "blindness",
	"view_distance": 10,
    "block_condition": {
		"type": "origins:or",
		"conditions": [
			{
        		"type": "origins:in_tag",
        		"tag": "minecraft:mineable/shovel"
			},
			{
				"type": "origins:water_loggable"
			}

		]
    },
    "phase_down_condition": {
        "type": "origins:and",
        "conditions": [
            {
                "type": "origins:sneaking"
            },
            {
                "type": "origins:on_block"
            }
        ]
    },
	"condition": {
		"type": "origins:power_active",
		"power": "*:*_toggle"
	}
}
}