{
	"name": "Sand Shaping",
	"description": "Your extended knowledge of sand unlocks a few recipies!",
	"type":"origins:multiple",
	"hidden":false,

	"sand":{
		"type": "origins:recipe",
		"recipe": {
			"id": "sandinpack:sandin/sandin_recipe1",
			"type": "minecraft:crafting_shapeless",
			"ingredients": [
				{
					"item": "minecraft:sandstone"
				}
			],
			"result": {
				"item": "minecraft:sand",
				"count":4
			}
		}
	},
	"red_sand":{
		"type": "origins:recipe",
		"recipe": {
			"id": "sandinpack:sandin/sandin_recipe2",
			"type": "minecraft:crafting_shapeless",
			"ingredients": [
				{
					"item": "minecraft:red_sandstone"
				}
			],
			"result": {
				"item": "minecraft:red_sand",
				"count":4
			}
		}
	},
	"sandstone":{
		"type": "origins:recipe",
		"recipe": {
			"id": "sandinpack:sandin/sandin_recipe3",
			"type": "minecraft:crafting_shapeless",
			"ingredients": [
				{
					"item": "minecraft:red_sandstone"
				},
				{
					"item": "minecraft:red_sandstone"
				},
				{
					"item": "minecraft:red_sandstone"
				},
				{
					"item": "minecraft:red_sandstone"
				},
				{
					"item": "minecraft:red_sandstone"
				},
				{
					"item": "minecraft:red_sandstone"
				},
				{
					"item": "minecraft:red_sandstone"
				},
				{
					"item": "minecraft:red_sandstone"
				},
				{
					"item": "minecraft:white_dye"
				}
			],
			"result": {
				"item": "minecraft:sandstone",
				"count":8
			}
		}
	},
	"red_sandstone":{
		"type": "origins:recipe",
		"recipe": {
			"id": "sandinpack:sandin/sandin_recipe4",
			"type": "minecraft:crafting_shapeless",
			"ingredients": [
				{
					"item": "minecraft:sandstone"
				},
				{
					"item": "minecraft:sandstone"
				},
				{
					"item": "minecraft:sandstone"
				},
				{
					"item": "minecraft:sandstone"
				},
				{
					"item": "minecraft:sandstone"
				},
				{
					"item": "minecraft:sandstone"
				},
				{
					"item": "minecraft:sandstone"
				},
				{
					"item": "minecraft:sandstone"
				},
				{
					"item": "minecraft:red_dye"
				}
			],
			"result": {
				"item": "minecraft:red_sandstone",
				"count":8
			}
		}
	},
	"reddyesand":{
		"type": "origins:recipe",
		"recipe": {
			"id": "sandinpack:sandin/sandin_recipe5",
			"type": "minecraft:crafting_shapeless",
			"ingredients": [
				{
					"item": "minecraft:sand"
				},
				{
					"item": "minecraft:sand"
				},
				{
					"item": "minecraft:sand"
				},
				{
					"item": "minecraft:sand"
				},
				{
					"item": "minecraft:sand"
				},
				{
					"item": "minecraft:sand"
				},
				{
					"item": "minecraft:sand"
				},
				{
					"item": "minecraft:sand"
				},
				{
					"item": "minecraft:red_dye"
				}
			],
			"result": {
				"item": "minecraft:red_sand",
				"count":8
			}
		}
	},
	"whitedyesand":{
		"type": "origins:recipe",
		"recipe": {
			"id": "sandinpack:sandin/sandin_recipe6",
			"type": "minecraft:crafting_shapeless",
			"ingredients": [
				{
					"item": "minecraft:red_sand"
				},
				{
					"item": "minecraft:red_sand"
				},
				{
					"item": "minecraft:red_sand"
				},
				{
					"item": "minecraft:red_sand"
				},
				{
					"item": "minecraft:red_sand"
				},
				{
					"item": "minecraft:red_sand"
				},
				{
					"item": "minecraft:red_sand"
				},
				{
					"item": "minecraft:red_sand"
				},
				{
					"item": "minecraft:white_dye"
				}
			],
			"result": {
				"item": "minecraft:sand",
				"count":8
			}
		}
	}
}