{
	"powers": [
		"eternal:no_escape",
		"eternal:soul_glow",
		"eternal:eternal_particle",
		"eternal:undead",
		"eternal:eternal_heartless",
		"eternal:broken_bones",
		"eternal:play_dead",
		"eternal:ignore_water",
		"eternal:consume_bones",
		"eternal:consume_bonemeal",
		"eternal:no_exhaust",
		"eternal:no_regen"
	],
	"icon": "minecraft:bone",
	"order": 10,
	"impact": 3,
	"name": "Eternal",
	"description": "Your soul has been cursed to forever inhabit your body. Even death won't break these chains."
}
