{
	"powers": [
		"sandinpack:livingdunes",
		"sandinpack:areweone",
		"sandinpack:fallingsand",
		"sandinpack:beingofsand",
		"origins:water_breathing",
		"sandinpack:alwaysdrown"
	],
	"icon": "minecraft:sand",
	"order": 10,
	"impact": 3,
	"name": "Sandin",
	"description": "Travelling through deserts is dangerous, even worse when considering the ruthless Sandin. The Sandin is assumed to be a single entity due to them acting in perfect unison with no communication, even entire armies of them wordlessly march and attack as one. At first thought to be mindless brutes, the Sandin has held on to desert territories for many years, displaying much strategic and tactical forethought. Despite this, the Sandin's technology level is rather low, almost non-existant."
}
