{
    "type": "origins:multiple",
    "name": "Charmed Mask",
    "description": "You spawn with a charmed mask, do not lose it.",

    "starting_equipment":{
        "type": "origins:starting_equipment",
        "recurrent":true,
        "stack": {
            "item": "minecraft:player_head",
            "tag": "{SkullOwner:MHF_Villager,display: {Name: '{\"text\": \"Charmed Mask\", \"color\": \"light_purple\", \"italic\": false}'},charmedMask:1b}"
                }
                        },

    "burn_in_sunlight":{
        "type": "origins:burn",
        "interval": 20,
        "burn_duration": 1,
        "condition": {
            "type": "origins:and",
            "conditions": [
                {
                "type": "origins:exposed_to_sun"
                },
                {      
                "type": "origins:equipped_item",
                "equipment_slot": "head",
                "item_condition":{
                    "type": "origins:empty"
                    }
                }
                ]
        }
    },

    "if_mask":{
        "type": "origins:action_over_time",
        "interval": 20,
        "entity_action": {
            "type": "origins:if_else",

            "condition": {
                "type": "origins:equipped_item",
                "equipment_slot": "head",
                "item_condition":{
                    "type": "origins:nbt",
                    "nbt": "{charmedMask:1b}"
                    }
                },
        "if_action": {
            "type": "origins:modify_resource",
            "modifier": {
                "operation": "add_base_early",
                "value": 13
            },
            "resource": "eternal:wearing_disguise"},

        "else_action":{
            "type": "origins:modify_resource",
            "modifier": {
                "operation": "add_base_early",
                "value": 0
            },
            "resource": "eternal:wearing_disguise"
        }
        }
    },

    "if_head2":{
        "type": "origins:action_over_time",
        "interval": 20,
        "entity_action": {
            "type": "origins:if_else",

            "condition": {
                "type": "origins:equipped_item",
                "equipment_slot": "head",
                "item_condition":{
                    "type": "origins:empty",
                    "inverted": true
                    }
                },
        "if_action": {
            "type": "origins:modify_resource",
            "modifier": {
                "operation": "add_base_early",
                "value": 1
            },
            "resource": "eternal:wearing_disguise"},

        "else_action":{
            "type": "origins:modify_resource",
            "modifier": {
                "operation": "add_base_early",
                "value": -4
            },
            "resource": "eternal:wearing_disguise"
        }
        }
    },

    "if_chest2":{
        "type": "origins:action_over_time",
        "interval": 20,
        "entity_action": {
            "type": "origins:if_else",

            "condition": {
                "type": "origins:equipped_item",
                "equipment_slot": "chest",
                "item_condition":{
                    "type": "origins:empty",
                    "inverted": true
                    }
                },
        "if_action": {
            "type": "origins:modify_resource",
            "modifier": {
                "operation": "add_base_early",
                "value": 1
            },
            "resource": "eternal:wearing_disguise"},

        "else_action":{
            "type": "origins:modify_resource",
            "modifier": {
                "operation": "add_base_early",
                "value": -4
            },
            "resource": "eternal:wearing_disguise"
        }
        }
    },

    "if_legs2":{
        "type": "origins:action_over_time",
        "interval": 20,
        "entity_action": {
            "type": "origins:if_else",

            "condition": {
                "type": "origins:equipped_item",
                "equipment_slot": "legs",
                "item_condition":{
                    "type": "origins:empty",
                    "inverted": true
                    }
                },
        "if_action": {
            "type": "origins:modify_resource",
            "modifier": {
                "operation": "add_base_early",
                "value": 1
            },
            "resource": "eternal:wearing_disguise"},

        "else_action":{
            "type": "origins:modify_resource",
            "modifier": {
                "operation": "add_base_early",
                "value": -4
            },
            "resource": "eternal:wearing_disguise"
        }
        }
    },

    "if_feet2":{
        "type": "origins:action_over_time",
        "interval": 20,
        "entity_action": {
            "type": "origins:if_else",

            "condition": {
                "type": "origins:equipped_item",
                "equipment_slot": "feet",
                "item_condition":{
                    "type": "origins:empty",
                    "inverted": true
                    }
                },
        "if_action": {
            "type": "origins:modify_resource",
            "modifier": {
                "operation": "add_base_early",
                "value": 1
            },
            "resource": "eternal:wearing_disguise"},

        "else_action":{
            "type": "origins:modify_resource",
            "modifier": {
                "operation": "add_base_early",
                "value": -4
            },
            "resource": "eternal:wearing_disguise"
        }
        }
    }


}
