{
    "type": "origins:prevent_death",
	"name": "No escape",
	"description": "Dying is prevented and you're left blind, and very unable to move for a while. You drop your held items.",
    "entity_action": {
        "type": "origins:and",
        "actions": [
            {
                "type": "origins:clear_effect"
            },
            {
                "type": "origins:extinguish"
            },
            {
                "type": "origins:apply_effect",
                "effects": [
                    {
                        "effect": "minecraft:slowness",
                        "amplifier": 30,
                        "duration": 2400
                    },
                    {
                        "effect": "minecraft:blindness",
                        "duration": 200
                    }
                            ]
            },
            {
            "type": "origins:drop_inventory",
                "slots": [
                    "weapon.offhand",
                    "weapon.mainhand"
                         ]
            },
            {
                "type": "origins:play_sound",
                "sound": "entity.wither_skeleton.death"
            }
        ]
    }
}